community,url,rules_url,audience,task_to_explore,search_seed,fit_note,listing_checked_at,rules_status
r/SaaS,https://www.reddit.com/r/SaaS/,https://www.reddit.com/r/SaaS/about/rules,SaaS founders,B2B product/admin pain,customer onboarding spreadsheet,Useful founder research; your buyers may live elsewhere,2026-10-07,verify before use
r/Entrepreneur,https://www.reddit.com/r/Entrepreneur/,https://www.reddit.com/r/Entrepreneur/about/rules,Business owners,Operating and launch problems,approval process tool,Broad audience; isolate the actual business context,2026-10-07,verify before use
r/startups,https://www.reddit.com/r/startups/,https://www.reddit.com/r/startups/about/rules,Startup operators,Early business systems,customer feedback workflow,Inspect promotion and dedicated-thread restrictions,2026-10-07,verify before use
r/smallbusiness,https://www.reddit.com/r/smallbusiness/,https://www.reddit.com/r/smallbusiness/about/rules,Small-business owners,Practical day-to-day administration,invoice approvals,Do not assume all owners want more software,2026-10-07,verify before use
r/SideProject,https://www.reddit.com/r/SideProject/,https://www.reddit.com/r/SideProject/about/rules,Independent builders,Project feedback and discovery,feedback app,Builder feedback is not proof of buyer demand,2026-10-07,verify before use
r/EntrepreneurRideAlong,https://www.reddit.com/r/EntrepreneurRideAlong/,https://www.reddit.com/r/EntrepreneurRideAlong/about/rules,Operators sharing progress,Process and operational lessons,client onboarding,Share only truthful firsthand experience,2026-10-07,verify before use
r/webdev,https://www.reddit.com/r/webdev/,https://www.reddit.com/r/webdev/about/rules,Web developers,Development and delivery workflows,client feedback tool,Technical accuracy and relevance matter,2026-10-07,verify before use
r/nocode,https://www.reddit.com/r/nocode/,https://www.reddit.com/r/nocode/about/rules,No-code builders,Workflow and automation problems,approval workflow,Confirm actual supported integrations,2026-10-07,verify before use
r/freelance,https://www.reddit.com/r/freelance/,https://www.reddit.com/r/freelance/about/rules,Freelancers,Client/admin workflows,invoice follow up,Helpful advice may be appropriate without a product link,2026-10-07,verify before use
r/productivity,https://www.reddit.com/r/productivity/,https://www.reddit.com/r/productivity/about/rules,People improving workflows,Task and attention problems,recurring tasks,A general personal problem may not fit B2B SaaS,2026-10-07,verify before use
r/Notion,https://www.reddit.com/r/Notion/,https://www.reddit.com/r/Notion/about/rules,Notion users,Workspace and knowledge workflows,approval database,Investigate native workaround before recommending a separate app,2026-10-07,verify before use
r/projectmanagement,https://www.reddit.com/r/projectmanagement/,https://www.reddit.com/r/projectmanagement/about/rules,Project practitioners,"Handoffs, status and coordination",approval bottleneck,Confirm team size and process requirements,2026-10-07,verify before use
r/sales,https://www.reddit.com/r/sales/,https://www.reddit.com/r/sales/about/rules,Sales practitioners,Pipeline and follow-through,CRM follow up,Sales advice is not permission to pitch a tool,2026-10-07,verify before use
r/marketing,https://www.reddit.com/r/marketing/,https://www.reddit.com/r/marketing/about/rules,Marketing practitioners,Campaign operations and attribution,UTM tracking workflow,Separate professional discussion from promotional threads,2026-10-07,verify before use
r/ecommerce,https://www.reddit.com/r/ecommerce/,https://www.reddit.com/r/ecommerce/about/rules,Store operators,Store operations,returns process spreadsheet,Platform and order-volume constraints can disqualify a fit,2026-10-07,verify before use
r/shopify,https://www.reddit.com/r/shopify/,https://www.reddit.com/r/shopify/about/rules,Shopify merchants,Store-specific workflows,inventory sync,Never imply an integration your product does not support,2026-10-07,verify before use
r/podcasting,https://www.reddit.com/r/podcasting/,https://www.reddit.com/r/podcasting/about/rules,Podcasters,Recording and production workflow,guest scheduling,Assess hobby versus commercial needs,2026-10-07,verify before use
r/Teachers,https://www.reddit.com/r/Teachers/,https://www.reddit.com/r/Teachers/about/rules,Educators,Teaching workflow research,lesson planning workload,Research-first; check rules and avoid private student data,2026-10-07,verify before use
r/Accounting,https://www.reddit.com/r/Accounting/,https://www.reddit.com/r/Accounting/about/rules,Accounting practitioners,Finance operations research,approval audit trail,Do not give regulated advice or imply compliance proof,2026-10-07,verify before use
r/realestateinvesting,https://www.reddit.com/r/realestateinvesting/,https://www.reddit.com/r/realestateinvesting/about/rules,Property investors,Property operating workflows,maintenance tracking,Do not give investment advice; verify product suitability,2026-10-07,verify before use
